{"cameraMode":{"drawMode":0,"name":"Shaded","section":"Shading Mode"},"sceneLighting":true,"audioPlay":false,"sceneViewState":{"showFog":true,"showMaterialUpdate":false,"showSkybox":true,"showFlares":true,"showImageEffects":true,"showParticleSystems":true},"in2DMode":false,"pivot":{"x":270.95697021484377,"y":468.8251037597656,"z":-154.05880737304688},"rotation":{"x":0.23146620392799378,"y":-0.07579649239778519,"z":0.018092617392539979,"w":0.9697192907333374},"size":398.90264892578127,"orthographic":false}