{"cameraMode":{"drawMode":0,"name":"Shaded","section":"Shading Mode"},"sceneLighting":true,"audioPlay":false,"sceneViewState":{"showFog":true,"showMaterialUpdate":false,"showSkybox":true,"showFlares":true,"showImageEffects":true,"showParticleSystems":true},"in2DMode":false,"pivot":{"x":-6.672979354858398,"y":3.031339645385742,"z":4.30003547668457},"rotation":{"x":-0.33093059062957766,"y":-0.24431654810905457,"z":0.08912613987922669,"w":-0.9071213006973267},"size":30.704362869262697,"orthographic":false}